Team,Year,G,MP,FG,FGA,FGp,2P,2PA,2Pp,3P,3PA,3Pp,FT,FTA,FTp,ORB,DRB,TRB,AST,STL,BLK,TOV,PF,PTS,PTSg,espn_id,friendly_school,conf_abbrev,friendly_full,conf_friendly
air-force,2012,29,5850,616,1383,0.445,424,814,0.521,192,569,0.337,362,537,0.674,178,657,835,403,194,90,371,491,1786,61.6,2005,"Air Force",MWC,"Air Force Falcons","Mountain West"
akron,2012,34,6850,868,1879,0.462,661,1319,0.501,207,560,0.37,513,741,0.692,398,815,1213,475,247,141,480,616,2456,72.2,2006,Akron,MAC,"Akron Zips",Mid-American
alabama-am,2012,28,5650,629,1538,0.409,482,1069,0.451,147,469,0.313,359,555,0.647,316,650,966,314,178,119,462,617,1764,63,2010,"Alabama A&M",SWAC,"Alabama A&Mm Bulldogs","Southwest Athletic"
alabama,2012,33,6649,778,1722,0.452,642,1252,0.513,136,470,0.289,443,623,0.711,352,806,1158,402,239,137,423,607,2135,64.7,333,Alabama,SEC,"Alabama Crimson Tide",Southeastern
alabama-state,2012,31,6326,648,1714,0.378,458,1093,0.419,190,621,0.306,354,606,0.584,399,702,1101,357,236,95,470,614,1840,59.4,2011,"Alabama State",SWAC,"Alabama St. Hornets","Southwest Athletic"
uab,2012,31,6225,654,1559,0.419,475,1039,0.457,179,520,0.344,388,566,0.686,350,734,1084,352,136,110,439,494,1875,60.5,5,UAB,CUSA,"UAB Blazers","Conference USA"
albany-ny,2012,34,6825,842,1889,0.446,597,1216,0.491,245,673,0.364,524,694,0.755,400,774,1174,424,193,95,429,578,2453,72.1,399,Albany,AEC,"Albany Great Danes","America East"
alcorn-state,2012,32,6250,689,1669,0.413,561,1248,0.45,128,421,0.304,420,606,0.693,290,669,959,290,199,104,477,606,1926,60.2,2016,"Alcorn State",SWAC,"Alcorn St. Braves","Southwest Athletic"
american,2012,32,6425,713,1678,0.425,486,1102,0.441,227,576,0.394,406,567,0.716,281,763,1044,404,146,92,355,544,2059,64.3,44,American,Patriot,"American U Eagles","Patriot League"
appalachian-state,2012,31,6225,746,1693,0.441,543,1102,0.493,203,591,0.343,426,656,0.649,333,760,1093,379,187,125,444,609,2121,68.4,2026,"Appalachian State",Southern,"Appalachian St. Mountaineers",Southern
arizona-state,2012,31,6200,654,1439,0.454,473,942,0.502,181,497,0.364,402,594,0.677,262,713,975,377,173,123,505,548,1891,61,9,"Arizona State",Pac-12,"Arizona St. Sun Devils",Pacific-12
arizona,2012,35,7050,795,1812,0.439,537,1129,0.476,258,683,0.378,568,806,0.705,349,888,1237,473,195,122,436,588,2416,69,12,Arizona,Pac-12,"Arizona Wildcats",Pacific-12
arkansas,2012,32,6400,808,1860,0.434,603,1280,0.471,205,580,0.353,478,692,0.691,363,719,1082,433,265,159,415,618,2299,71.8,8,Arkansas,SEC,"Arkansas Razorbacks",Southeastern
arkansas-state,2012,34,6850,765,1771,0.432,589,1295,0.455,176,476,0.37,492,737,0.668,392,762,1154,329,210,78,460,533,2198,64.6,2032,"Arkansas State","Sun Belt","Arkansas State Red Wolves","Sun Belt"
arkansas-little-rock,2012,31,6300,672,1655,0.406,511,1163,0.439,161,492,0.327,469,672,0.698,302,730,1032,324,198,94,387,609,1974,63.7,2031,"Arkansas-Little Rock","Sun Belt","Arkansas Little Rock Trojans","Sun Belt"
arkansas-pine-bluff,2012,33,6625,705,1707,0.413,560,1223,0.458,145,484,0.3,458,719,0.637,364,741,1105,367,230,132,491,601,2013,61,2029,"Arkansas Pine Bluff",SWAC,"Arkansas Pine Bluff Golden Lions","Southwest Athletic"
army,2012,30,6075,678,1608,0.422,440,937,0.47,238,671,0.355,433,596,0.727,247,710,957,403,185,54,467,581,2027,67.6,349,Army,Patriot,"Army Black Knights","Patriot League"
auburn,2012,31,6275,696,1669,0.417,540,1152,0.469,156,517,0.302,394,608,0.648,338,725,1063,386,199,149,419,573,1942,62.6,2,Auburn,SEC,"Auburn Tigers",Southeastern
austin-peay,2012,32,6450,792,1781,0.445,653,1348,0.484,139,433,0.321,493,735,0.671,388,689,1077,388,230,115,466,574,2216,69.3,2046,"Austin Peay",OVC,"Austin Peay Governors","Ohio Valley"
ball-state,2012,30,6000,647,1536,0.421,456,955,0.477,191,581,0.329,416,604,0.689,336,679,1015,400,182,79,388,501,1901,63.4,2050,"Ball State",MAC,"Ball St. Cardinals",Mid-American
baylor,2012,38,7626,1004,2148,0.467,745,1472,0.506,259,676,0.383,572,759,0.754,470,915,1385,570,286,178,522,674,2839,74.7,239,Baylor,"Big 12","Baylor Bears","Big 12"
belmont,2012,35,7049,975,2026,0.481,666,1209,0.551,309,817,0.378,572,779,0.734,399,853,1252,606,255,78,430,631,2831,80.9,2057,Belmont,OVC,"Belmont Bruins","Ohio Valley"
bethune-cookman,2012,35,7025,818,1890,0.433,640,1368,0.468,178,522,0.341,462,702,0.658,413,670,1083,416,241,95,471,663,2276,65,2065,Bethune-Cookman,MEAC,"Bethune-Cookman Wildcats","Mid-Eastern Athletic"
binghamton,2012,31,6225,627,1579,0.397,495,1142,0.433,132,437,0.302,376,538,0.699,278,674,952,346,187,67,462,554,1762,56.8,2066,Binghamton,AEC,"Binghamton Bearcats","America East"
boise-state,2012,30,6025,708,1653,0.428,481,989,0.486,227,664,0.342,407,589,0.691,328,679,1007,346,183,56,366,544,2050,68.3,68,"Boise State",MWC,"Boise St. Broncos","Mountain West"
boston-college,2012,31,6275,629,1543,0.408,404,879,0.46,225,664,0.339,350,520,0.673,222,702,924,354,153,89,454,491,1833,59.1,103,"Boston College",ACC,"Boston College Eagles","Atlantic Coast"
boston-university,2012,32,6425,725,1717,0.422,523,1083,0.483,202,634,0.319,393,583,0.674,351,756,1107,371,187,98,434,537,2045,63.9,104,"Boston University",AEC,"Boston U Terriers","America East"
bowling-green-state,2012,32,6424,823,1795,0.458,667,1334,0.5,156,461,0.338,323,474,0.681,363,707,1070,438,247,103,425,538,2125,66.4,189,"Bowling Green",MAC,"Bowling Green Falcons",Mid-American
bradley,2012,32,6401,689,1720,0.401,538,1217,0.442,151,503,0.3,426,625,0.682,302,752,1054,343,204,99,438,550,1955,61.1,71,Bradley,MVC,"Bradley Braves","Missouri Valley"
brigham-young,2012,35,7000,977,2099,0.465,744,1420,0.524,233,679,0.343,540,771,0.7,381,966,1347,599,296,154,473,637,2727,77.9,252,"Brigham Young",WCC,"Brigham Young Cougars","West Coast"
brown,2012,31,6200,685,1695,0.404,451,1048,0.43,234,647,0.362,303,483,0.627,280,721,1001,413,162,79,382,497,1907,61.5,225,Brown,Ivy,"Brown Bears","Ivy Group"
bryant,2012,30,6026,656,1626,0.403,447,936,0.478,209,690,0.303,331,480,0.69,293,649,942,376,133,64,441,552,1852,61.7,2803,Bryant,NEC,"Bryant Bulldogs",Northeast
bucknell,2012,35,7000,836,1813,0.461,630,1287,0.49,206,526,0.392,532,687,0.774,314,923,1237,478,152,112,416,595,2410,68.9,2083,Bucknell,Patriot,"Bucknell Bison","Patriot League"
buffalo,2012,31,6226,806,1734,0.465,594,1133,0.524,212,601,0.353,438,665,0.659,374,871,1245,511,174,157,464,549,2262,73,2084,Buffalo,MAC,"Buffalo Bulls",Mid-American
butler,2012,37,7476,823,2014,0.409,640,1363,0.47,183,651,0.281,523,806,0.649,468,855,1323,454,239,123,485,715,2352,63.6,2086,Butler,A-10,"Butler Bulldogs","Atlantic 10"
cal-poly,2012,33,6600,772,1800,0.429,546,1158,0.472,226,642,0.352,366,524,0.698,406,732,1138,417,188,51,351,594,2136,64.7,13,"Cal Poly","Big West","Cal Poly Slo Mustangs","Big West"
cal-state-bakersfield,2012,31,6225,761,1676,0.454,563,1134,0.496,198,542,0.365,401,587,0.683,352,619,971,439,248,107,457,614,2121,68.4,2934,"Cal State Bakersfield",Independent,"Cal State Bakersfield Roadrunners",Independent
cal-state-fullerton,2012,31,6200,833,1763,0.472,567,1105,0.513,266,658,0.404,485,699,0.694,385,780,1165,464,174,84,475,603,2417,78,2239,"Cal State Fullerton","Big West","Cal St. Fullerton Titans","Big West"
cal-state-northridge,2012,28,5625,641,1671,0.384,471,1117,0.422,170,554,0.307,456,604,0.755,397,584,981,375,175,67,384,627,1908,68.1,2463,"Cal State Northridge","Big West","Csu Northridge Matadors","Big West"
california,2012,34,6800,893,1878,0.476,737,1448,0.509,156,430,0.363,477,641,0.744,341,841,1182,540,159,106,411,489,2419,71.1,25,California,Pac-12,"California Golden Bears",Pacific-12
california-davis,2012,31,6200,661,1614,0.41,421,964,0.437,240,650,0.369,362,529,0.684,278,683,961,371,151,70,479,574,1924,62.1,302,"UC Davis","Big West","UC Davis Aggies","Big West"
california-irvine,2012,32,6450,776,1861,0.417,526,1161,0.453,250,700,0.357,377,592,0.637,375,813,1188,493,156,131,489,598,2179,68.1,300,"UC Irvine","Big West","UC Irvine Anteaters","Big West"
california-riverside,2012,31,6325,684,1669,0.41,554,1247,0.444,130,422,0.308,343,498,0.689,308,734,1042,308,148,123,411,536,1841,59.4,27,"UC Riverside","Big West","UC Riverside Highlanders","Big West"
california-santa-barbara,2012,31,6301,809,1757,0.46,582,1164,0.5,227,593,0.383,417,601,0.694,382,786,1168,464,172,155,367,539,2262,73,2540,"UC Santa Barbara","Big West","UC Santa Barbara Gauchos","Big West"
campbell,2012,32,6426,846,1748,0.484,677,1296,0.522,169,452,0.374,509,761,0.669,329,800,1129,496,196,167,454,648,2370,74.1,2097,Campbell,"Big South","Campbell Fighting Camels","Big South"
canisius,2012,30,6050,704,1731,0.407,513,1151,0.446,191,580,0.329,366,503,0.728,371,672,1043,327,192,76,442,539,1965,65.5,2099,Canisius,MAAC,"Canisius Golden Griffins","Metro Atlantic Athletic"
central-arkansas,2012,29,5900,786,1884,0.417,636,1394,0.456,150,490,0.306,336,605,0.555,425,666,1091,426,235,92,445,588,2058,71,2110,"Central Arkansas",Southland,"Central Arkansas Bears",Southland
central-connecticut-state,2012,29,5875,717,1689,0.425,537,1165,0.461,180,524,0.344,415,547,0.759,345,630,975,393,235,103,424,541,2029,70,2115,"Central Connecticut State",NEC,"Central Conn St. Blue Devils",Northeast
ucf,2012,33,6600,768,1777,0.432,590,1185,0.498,178,592,0.301,452,722,0.626,423,774,1197,375,208,142,417,552,2166,65.6,2116,UCF,CUSA,"Central Florida Knights","Conference USA"
central-michigan,2012,32,6450,700,1772,0.395,497,1164,0.427,203,608,0.334,377,594,0.635,378,685,1063,329,214,105,393,631,1980,61.9,2117,"Central Michigan",MAC,"Central Michigan Chippewas",Mid-American
charleston-southern,2012,31,6225,835,1866,0.447,576,1185,0.486,259,681,0.38,454,658,0.69,393,710,1103,396,251,82,416,563,2383,76.9,2127,"Charleston Southern","Big South","Charleston Southern Buccaneers","Big South"
charlotte,2012,30,6050,693,1683,0.412,501,1093,0.458,192,590,0.325,432,656,0.659,334,740,1074,392,243,85,421,548,2010,67,2429,Charlotte,A-10,"Charlotte 49ers","Atlantic 10"
chattanooga,2012,32,6475,765,1849,0.414,525,1126,0.466,240,723,0.332,490,714,0.686,377,877,1254,456,202,36,443,555,2260,70.6,236,Chattanooga,Southern,"Chattanooga Mocs",Southern
chicago-state,2012,30,6022,688,1732,0.397,533,1206,0.442,155,526,0.295,353,541,0.652,345,717,1062,320,214,99,507,626,1884,62.8,2130,"Chicago State",GWC,"Chicago St. Cougars","Great West"
cincinnati,2012,37,7501,924,2194,0.421,664,1431,0.464,260,763,0.341,414,643,0.644,489,844,1333,479,298,170,402,570,2522,68.2,2132,Cincinnati,"Big East","Cincinnati Bearcats","Big East"
citadel,2012,30,6100,704,1610,0.437,542,1124,0.482,162,486,0.333,355,537,0.661,297,678,975,400,180,50,441,497,1925,64.2,2643,Citadel,Southern,"Citadel Bulldogs",Southern
clemson,2012,31,6250,736,1701,0.433,565,1169,0.483,171,532,0.321,358,534,0.67,345,673,1018,392,231,117,375,499,2001,64.5,228,Clemson,ACC,"Clemson Tigers","Atlantic Coast"
cleveland-state,2012,33,6600,804,1798,0.447,587,1199,0.49,217,599,0.362,352,496,0.71,371,696,1067,451,279,110,458,693,2177,66,325,"Cleveland State",Horizon,"Cleveland St. Vikings","Horizon League"
coastal-carolina,2012,31,6250,853,1753,0.487,703,1313,0.535,150,440,0.341,392,582,0.674,357,814,1171,407,203,120,428,538,2248,72.5,324,"Coastal Carolina","Big South","Coastal Carolina Chanticleers","Big South"
colgate,2012,30,6050,660,1532,0.431,462,1017,0.454,198,515,0.384,375,544,0.689,250,730,980,363,111,68,439,570,1893,63.1,2142,Colgate,Patriot,"Colgate Raiders","Patriot League"
college-of-charleston,2012,31,6300,754,1769,0.426,509,1044,0.488,245,725,0.338,438,683,0.641,345,766,1111,370,229,115,411,497,2191,70.7,232,Charleston,Southern,"Charleston Cougars",Southern
colorado,2012,36,7225,835,1874,0.446,636,1302,0.488,199,572,0.348,560,810,0.691,351,938,1289,422,210,117,468,614,2429,67.5,38,Colorado,Pac-12,"Colorado Buffaloes",Pacific-12
colorado-state,2012,32,6475,764,1621,0.471,575,1148,0.501,189,473,0.4,526,685,0.768,266,745,1011,389,172,60,408,606,2243,70.1,36,"Colorado State",MWC,"Colorado St. Rams","Mountain West"
columbia,2012,30,6050,683,1586,0.431,472,1021,0.462,211,565,0.373,378,509,0.743,286,736,1022,380,182,70,365,511,1955,65.2,171,Columbia,Ivy,"Columbia Lions","Ivy Group"
connecticut,2012,34,6875,858,1900,0.452,673,1343,0.501,185,557,0.332,435,657,0.662,415,858,1273,457,199,233,418,492,2336,68.7,41,Connecticut,"Big East","Connecticut Huskies","Big East"
coppin-state,2012,30,6025,756,1749,0.432,467,957,0.488,289,792,0.365,412,596,0.691,326,716,1042,443,173,53,387,501,2213,73.8,2154,"Coppin State",MEAC,"Coppin St. Eagles","Mid-Eastern Athletic"
cornell,2012,28,5700,639,1567,0.408,422,931,0.453,217,636,0.341,338,494,0.684,255,667,922,379,218,85,377,558,1833,65.5,172,Cornell,Ivy,"Cornell Big Red","Ivy Group"
creighton,2012,35,7050,975,1935,0.504,688,1258,0.547,287,677,0.424,535,737,0.726,330,929,1259,616,169,82,421,592,2772,79.2,156,Creighton,MVC,"Creighton Bluejays","Missouri Valley"
dartmouth,2012,30,6025,592,1504,0.394,438,1041,0.421,154,463,0.333,389,552,0.705,270,700,970,291,163,73,418,557,1727,57.6,159,Dartmouth,Ivy,"Dartmouth Big Green","Ivy Group"
davidson,2012,33,6650,879,1969,0.446,624,1209,0.516,255,760,0.336,558,731,0.763,414,866,1280,455,184,116,388,673,2571,77.9,2166,Davidson,Southern,"Davidson Wildcats",Southern
dayton,2012,33,6700,814,1860,0.438,557,1110,0.502,257,750,0.343,484,623,0.777,407,770,1177,472,174,89,430,617,2369,71.8,2168,Dayton,A-10,"Dayton Flyers","Atlantic 10"
delaware,2012,32,6525,746,1750,0.426,577,1207,0.478,169,543,0.311,545,760,0.717,326,859,1185,302,150,160,412,571,2206,68.9,48,Delaware,CAA,"Delaware Blue Hens","Colonial Athletic Association"
denver,2012,31,6275,728,1494,0.487,473,853,0.555,255,641,0.398,401,526,0.762,197,623,820,484,223,137,375,564,2112,68.1,2172,Denver,WAC,"Denver Pioneers","Western Athletic"
depaul,2012,31,6225,857,1956,0.438,633,1287,0.492,224,669,0.335,360,517,0.696,374,651,1025,474,245,126,414,637,2298,74.1,305,DePaul,"Big East","Depaul Blue Demons","Big East"
detroit-mercy,2012,36,7225,903,2008,0.45,738,1455,0.507,165,553,0.298,626,857,0.73,433,799,1232,463,272,165,450,684,2597,72.1,2174,Detroit,Horizon,"Detroit Titans","Horizon League"
drake,2012,34,6900,788,1794,0.439,576,1209,0.476,212,585,0.362,491,749,0.656,282,822,1104,350,236,103,440,686,2279,67,2181,Drake,MVC,"Drake Bulldogs","Missouri Valley"
drexel,2012,36,7200,801,1821,0.44,580,1237,0.469,221,584,0.378,527,711,0.741,386,890,1276,462,173,118,418,646,2350,65.3,2182,Drexel,CAA,"Drexel Dragons","Colonial Athletic Association"
duke,2012,34,6850,874,1915,0.456,600,1176,0.51,274,739,0.371,606,864,0.701,406,843,1249,423,210,136,415,626,2628,77.3,150,Duke,ACC,"Duke Blue Devils","Atlantic Coast"
duquesne,2012,31,6225,806,1786,0.451,607,1192,0.509,199,594,0.335,441,660,0.668,325,630,955,473,240,113,374,541,2252,72.6,2184,Duquesne,A-10,"Duquesne Dukes","Atlantic 10"
east-carolina,2012,31,6251,747,1714,0.436,511,1038,0.492,236,676,0.349,406,593,0.685,337,727,1064,452,241,131,425,558,2136,68.9,151,"East Carolina",CUSA,"East Carolina Pirates","Conference USA"
east-tennessee-state,2012,31,6198,768,1743,0.441,640,1332,0.48,128,411,0.311,434,684,0.635,407,663,1070,323,316,91,419,521,2098,67.7,2193,"East Tennessee State",A-Sun,"Eastern Illinois Panthers","Atlantic Sun"
eastern-illinois,2012,29,5875,688,1579,0.436,541,1149,0.471,147,430,0.342,373,493,0.757,304,623,927,383,165,67,380,500,1896,65.4,2197,"Eastern Illinois",OVC,"Eastern Kentucky Colonels","Ohio Valley"
eastern-kentucky,2012,32,6500,744,1715,0.434,513,1034,0.496,231,681,0.339,404,551,0.733,289,652,941,378,239,59,346,629,2123,66.3,2198,"Eastern Kentucky",OVC,"Eastern Michigan Eagles","Ohio Valley"
eastern-michigan,2012,32,6450,583,1555,0.375,430,1055,0.408,153,500,0.306,385,556,0.692,339,650,989,310,227,98,437,549,1704,53.3,2199,"Eastern Michigan",MAC,"East Tennessee St. Buccaneers",Mid-American
eastern-washington,2012,32,6425,788,1914,0.412,505,1121,0.45,283,793,0.357,467,659,0.709,383,707,1090,390,228,114,377,723,2326,72.7,331,"Eastern Washington","Big Sky","Eastern Washington Eagles","Big Sky"
elon,2012,31,6275,770,1831,0.421,532,1160,0.459,238,671,0.355,397,589,0.674,326,813,1139,407,149,83,429,570,2175,70.2,2210,Elon,Southern,"Elon University Phoenix",Southern
evansville,2012,32,6575,801,1738,0.461,624,1285,0.486,177,453,0.391,572,749,0.764,279,648,927,509,243,54,404,680,2351,73.5,339,Evansville,MVC,"Evansville Purple Aces","Missouri Valley"
fairfield,2012,37,7401,884,1973,0.448,655,1311,0.5,229,662,0.346,420,645,0.651,416,822,1238,553,309,151,540,677,2417,65.3,2217,Fairfield,MAAC,"Fairfield Stags","Metro Atlantic Athletic"
fairleigh-dickinson,2012,29,5800,655,1589,0.412,546,1196,0.457,109,393,0.277,343,520,0.66,302,666,968,322,167,110,440,544,1762,60.8,161,"Fairleigh Dickinson",NEC,"Fairleigh Dickinson Knights",Northeast
florida-am,2012,33,6649,820,2019,0.406,637,1450,0.439,183,569,0.322,352,572,0.615,479,721,1200,344,269,145,520,671,2175,65.9,50,"Florida A&M",MEAC,"Florida A&M Rattlers","Mid-Eastern Athletic"
florida-atlantic,2012,30,6150,718,1738,0.413,510,1125,0.453,208,613,0.339,333,502,0.663,358,648,1006,382,201,128,366,574,1977,65.9,2226,"Florida Atlantic","Sun Belt","Florida Atlantic Owls","Sun Belt"
florida,2012,37,7475,976,2106,0.463,619,1167,0.53,357,939,0.38,499,700,0.713,416,905,1321,551,233,124,410,575,2808,75.9,57,Florida,SEC,"Florida Gators",Southeastern
florida-gulf-coast,2012,32,6450,823,1806,0.456,572,1134,0.504,251,672,0.374,409,608,0.673,366,759,1125,428,261,125,477,612,2306,72.1,526,"Florida Gulf Coast",A-Sun,"Florida Gulf Coast Eagles","Atlantic Sun"
florida-international,2012,29,5875,630,1514,0.416,480,1067,0.45,150,447,0.336,426,588,0.724,317,621,938,271,216,110,424,586,1836,63.3,2229,"Florida International","Sun Belt","Florida International Golden Panthers","Sun Belt"
florida-state,2012,35,7099,877,1923,0.456,661,1312,0.504,216,611,0.354,473,669,0.707,404,869,1273,427,265,213,565,653,2443,69.8,52,"Florida State",ACC,"Florida St. Seminoles","Atlantic Coast"
fordham,2012,29,5825,663,1729,0.383,525,1227,0.428,138,502,0.275,333,546,0.61,423,675,1098,347,189,163,399,516,1797,62,2230,Fordham,A-10,"Fordham Rams","Atlantic 10"
fresno-state,2012,33,6775,745,1820,0.409,551,1203,0.458,194,617,0.314,486,674,0.721,353,691,1044,373,235,103,352,637,2170,65.8,278,"Fresno State",MWC,"Fresno St. Bulldogs","Mountain West"
furman,2012,31,6200,681,1646,0.414,471,1023,0.46,210,623,0.337,434,608,0.714,366,708,1074,338,160,104,431,591,2006,64.7,231,Furman,Southern,"Furman Paladins",Southern
gardner-webb,2012,32,6477,749,1804,0.415,558,1190,0.469,191,614,0.311,414,620,0.668,406,763,1169,376,222,84,447,619,2103,65.7,2241,Gardner-Webb,"Big South","Gardner-Webb Runnin Bulldogs","Big South"
george-mason,2012,33,6700,828,1788,0.463,672,1318,0.51,156,470,0.332,511,732,0.698,368,834,1202,427,224,163,503,650,2323,70.4,2244,"George Mason",CAA,"George Mason Patriots","Colonial Athletic Association"
george-washington,2012,31,6200,733,1725,0.425,604,1329,0.454,129,396,0.326,326,491,0.664,385,637,1022,382,205,115,408,550,1921,62,45,"George Washington",A-10,"George Washington Colonials","Atlantic 10"
georgetown,2012,33,6699,811,1743,0.465,625,1207,0.518,186,536,0.347,470,673,0.698,367,826,1193,451,200,156,417,578,2278,69,46,Georgetown,"Big East","Georgetown Hoyas","Big East"
georgia,2012,32,6475,692,1751,0.395,490,1104,0.444,202,647,0.312,364,530,0.687,349,717,1066,349,199,118,332,554,1950,60.9,61,Georgia,SEC,"Georgia Bulldogs",Southeastern
georgia-southern,2012,30,6075,749,1608,0.466,586,1144,0.512,163,464,0.351,341,513,0.665,278,665,943,371,228,69,451,581,2002,66.7,290,"Georgia Southern",Southern,"Georgia St. Panthers",Southern
georgia-state,2012,34,6900,842,1936,0.435,664,1374,0.483,178,562,0.317,436,665,0.656,390,839,1229,427,315,183,396,546,2298,67.6,2247,"Georgia State",CAA,"Georgia Southern Eagles","Colonial Athletic Association"
georgia-tech,2012,31,6225,700,1639,0.427,542,1132,0.479,158,507,0.312,308,471,0.654,340,747,1087,340,161,152,448,513,1866,60.2,59,"Georgia Tech",ACC,"Georgia Tech Yellow Jackets","Atlantic Coast"
gonzaga,2012,33,6626,823,1740,0.473,608,1173,0.518,215,567,0.379,575,803,0.716,359,857,1216,455,223,105,433,514,2436,73.8,2250,Gonzaga,WCC,"Gonzaga Bulldogs","West Coast"
green-bay,2012,30,6026,693,1638,0.423,528,1177,0.449,165,461,0.358,384,544,0.706,349,710,1059,369,181,142,424,536,1935,64.5,2739,"Green Bay",Horizon,"Green Bay Phoenix","Horizon League"
hampton,2012,33,6650,746,1853,0.403,563,1214,0.464,183,639,0.286,459,717,0.64,403,790,1193,352,226,160,467,607,2134,64.7,2261,Hampton,MEAC,"Hampton Pirates","Mid-Eastern Athletic"
hartford,2012,31,6300,654,1580,0.414,426,844,0.505,228,736,0.31,324,486,0.667,222,676,898,406,205,64,478,614,1860,60,42,Hartford,AEC,"Hartford Hawks","America East"
harvard,2012,31,6225,695,1490,0.466,510,972,0.525,185,518,0.357,458,613,0.747,262,741,1003,401,184,137,379,473,2033,65.6,108,Harvard,Ivy,"Harvard Crimson","Ivy Group"
hawaii,2012,32,6475,835,1811,0.461,673,1310,0.514,162,501,0.323,524,786,0.667,379,797,1176,475,182,104,487,617,2356,73.6,62,Hawaii,"Big West","Hawaii Warriors","Big West"
high-point,2012,31,6300,746,1698,0.439,483,1042,0.464,263,656,0.401,448,654,0.685,338,725,1063,389,174,88,386,577,2203,71.1,2272,"High Point","Big South","High Point Panthers","Big South"
hofstra,2012,32,6400,700,1732,0.404,545,1266,0.43,155,466,0.333,536,747,0.718,382,687,1069,389,245,84,442,595,2091,65.3,2275,Hofstra,CAA,"Hofstra Pride","Colonial Athletic Association"
holy-cross,2012,29,5800,673,1565,0.43,507,1076,0.471,166,489,0.339,374,519,0.721,289,713,1002,367,167,129,396,512,1886,65,107,"Holy Cross",Patriot,"Holy Cross Crusaders","Patriot League"
houston-baptist,2012,30,6050,787,1860,0.423,634,1381,0.459,153,479,0.319,481,704,0.683,405,683,1088,373,225,51,470,655,2208,73.6,2277,"Houston Baptist",GWC,"Houston Baptist Huskies","Great West"
houston,2012,30,6075,795,1714,0.464,631,1250,0.505,164,464,0.353,398,565,0.704,355,733,1088,398,156,149,435,502,2152,71.7,248,Houston,CUSA,"Houston Cougars","Conference USA"
howard,2012,31,6225,618,1613,0.383,478,1174,0.407,140,439,0.319,505,744,0.679,388,694,1082,283,189,94,533,691,1881,60.7,47,Howard,MEAC,"Howard Bison","Mid-Eastern Athletic"
idaho-state,2012,30,6149,695,1652,0.421,502,1090,0.461,193,562,0.343,396,579,0.684,325,594,919,359,211,68,421,594,1979,66,304,"Idaho State","Big Sky","Idaho State Bengals","Big Sky"
idaho,2012,33,6650,807,1692,0.477,592,1143,0.518,215,549,0.392,469,697,0.673,328,804,1132,486,155,135,441,566,2298,69.6,70,Idaho,WAC,"Idaho Vandals","Western Athletic"
illinois,2012,32,6475,767,1741,0.441,581,1130,0.514,186,611,0.304,378,529,0.715,320,725,1045,400,162,132,430,565,2098,65.6,356,Illinois,"Big Ten","Illinois Fighting Illini","Big Ten"
illinois-state,2012,35,7125,804,1832,0.439,507,1049,0.483,297,783,0.379,534,708,0.754,309,920,1229,459,177,118,422,588,2439,69.7,2287,"Illinois State",MVC,"Illinois St. Redbirds","Missouri Valley"
illinois-chicago,2012,30,6050,636,1611,0.395,443,1018,0.435,193,593,0.325,361,539,0.67,367,671,1038,341,150,88,439,578,1826,60.9,82,Illinois-Chicago,Horizon,"Illinois Chicago Flames","Horizon League"
indiana,2012,36,7200,949,1928,0.492,720,1397,0.515,229,531,0.431,655,858,0.763,383,857,1240,487,233,115,463,632,2782,77.3,84,Indiana,"Big Ten","Indiana Hoosiers","Big Ten"
indiana-state,2012,33,6675,722,1719,0.42,521,1131,0.461,201,588,0.342,475,659,0.721,287,784,1071,397,194,104,402,543,2120,64.2,282,"Indiana State",MVC,"Indiana St. Sycamores","Missouri Valley"
iona,2012,33,6676,1021,2033,0.502,767,1377,0.557,254,656,0.387,440,617,0.713,353,795,1148,638,241,71,414,559,2736,82.9,314,Iona,MAAC,"Iona Gaels","Metro Atlantic Athletic"
iowa,2012,35,7000,902,1984,0.455,701,1445,0.485,201,539,0.373,550,763,0.721,399,806,1205,521,262,119,433,586,2555,73,2294,Iowa,"Big Ten","Iowa Hawkeyes","Big Ten"
iowa-state,2012,34,6800,847,1888,0.449,554,1102,0.503,293,786,0.373,503,731,0.688,371,876,1247,484,196,96,419,547,2490,73.2,66,"Iowa State","Big 12","Iowa St. Cyclones","Big 12"
ipfw,2012,30,6024,756,1676,0.451,592,1179,0.502,164,497,0.33,424,621,0.683,316,714,1030,410,188,73,434,593,2100,70,2870,IPFW,Summit,"IUPU Ft Wayne Mastodons","Summit League"
iupui,2012,32,6475,819,1850,0.443,633,1325,0.478,186,525,0.354,495,638,0.776,385,668,1053,375,218,96,379,556,2319,72.5,85,IUPUI,Summit,"Indiana Purdue Jaguars","Summit League"
jackson-state,2012,31,6300,618,1621,0.381,485,1214,0.4,133,407,0.327,368,542,0.679,364,658,1022,258,224,103,473,598,1737,56,2296,"Jackson State",SWAC,"Jackson State Tigers","Southwest Athletic"
jacksonville,2012,30,6050,706,1688,0.418,555,1214,0.457,151,474,0.319,388,591,0.657,396,626,1022,363,220,105,449,664,1951,65,294,Jacksonville,A-Sun,"Jacksonville Dolphins","Atlantic Sun"
jacksonville-state,2012,33,6650,748,1761,0.425,604,1228,0.492,144,533,0.27,503,742,0.678,387,703,1090,399,243,125,442,636,2143,64.9,55,"Jacksonville State",OVC,"Jacksonville St. Gamecocks","Ohio Valley"
james-madison,2012,32,6450,748,1774,0.422,500,1098,0.455,248,676,0.367,371,557,0.666,321,694,1015,428,213,83,414,624,2115,66.1,256,"James Madison",CAA,"James Madison Dukes","Colonial Athletic Association"
kansas,2012,39,7826,1023,2169,0.472,801,1526,0.525,222,643,0.345,597,863,0.692,449,1021,1470,587,285,222,507,678,2867,73.5,2305,Kansas,"Big 12","Kansas Jayhawks","Big 12"
kansas-state,2012,33,6675,812,1849,0.439,629,1303,0.483,183,546,0.335,536,799,0.671,471,756,1227,468,200,156,474,662,2343,71,2306,"Kansas State","Big 12","Kansas St. Wildcats","Big 12"
kennesaw-state,2012,31,6325,691,1665,0.415,485,1061,0.457,206,604,0.341,332,531,0.625,309,601,910,374,192,57,429,533,1920,61.9,338,"Kennesaw State",A-Sun,"Kennesaw St. Fighting Owls","Atlantic Sun"
kent-state,2012,33,6625,830,1836,0.452,630,1257,0.501,200,579,0.345,462,670,0.69,379,756,1135,487,281,128,463,554,2322,70.4,2309,"Kent State",MAC,"Kent St. Golden Flashes",Mid-American
kentucky,2012,40,8001,1096,2248,0.488,871,1653,0.527,225,595,0.378,678,938,0.723,487,1069,1556,531,242,344,453,593,3095,77.4,96,Kentucky,SEC,"Kentucky Wildcats",Southeastern
la-salle,2012,34,6850,898,1937,0.464,633,1284,0.493,265,653,0.406,417,578,0.721,307,806,1113,496,275,114,443,591,2478,72.9,2325,"La Salle",A-10,"La Salle Explorers","Atlantic 10"
lafayette,2012,31,6200,723,1650,0.438,440,915,0.481,283,735,0.385,432,566,0.763,236,671,907,385,164,80,391,600,2161,69.7,322,Lafayette,Patriot,"Lafayette Leopards","Patriot League"
lamar,2012,35,7024,902,2087,0.432,749,1633,0.459,153,454,0.337,616,855,0.72,497,890,1387,448,283,154,418,604,2573,73.5,2320,Lamar,Southland,"Lamar Cardinals",Southland
lehigh,2012,35,7050,902,2030,0.444,648,1304,0.497,254,726,0.35,590,768,0.768,386,869,1255,456,269,106,391,629,2648,75.7,2329,Lehigh,Patriot,"Lehigh Mountain Hawks","Patriot League"
liberty,2012,32,6425,811,1790,0.453,686,1395,0.492,125,395,0.316,454,637,0.713,351,755,1106,439,169,77,386,555,2201,68.8,2335,Liberty,"Big South","Liberty Flames","Big South"
lipscomb,2012,31,6300,802,1852,0.433,567,1215,0.467,235,637,0.369,403,634,0.636,367,740,1107,438,225,83,467,536,2242,72.3,288,Lipscomb,A-Sun,"Lipscomb Bison","Atlantic Sun"
long-beach-state,2012,34,6850,880,1880,0.468,659,1262,0.522,221,618,0.358,529,790,0.67,392,820,1212,476,242,92,439,527,2510,73.8,299,"Long Beach State","Big West","Long Beach St. 49ers","Big West"
long-island-university,2012,34,6825,920,1940,0.474,695,1334,0.521,225,606,0.371,704,965,0.73,396,899,1295,500,206,113,546,531,2769,81.4,2341,"LIU Brooklyn",Northeast,"LIU Brooklyn Blackbirds","Northeast Conference"
longwood,2012,31,6225,826,1905,0.434,561,1146,0.49,265,759,0.349,359,531,0.676,292,768,1060,481,163,68,410,495,2276,73.4,2344,Longwood,"Big South","Longwood Lancers","Big South"
lsu,2012,33,6700,791,1947,0.406,618,1417,0.436,173,530,0.326,402,582,0.691,434,783,1217,415,232,128,429,592,2157,65.4,99,LSU,SEC,"Louisiana State Tigers",Southeastern
louisiana-tech,2012,34,6900,849,2013,0.422,591,1236,0.478,258,777,0.332,402,620,0.648,396,777,1173,441,230,125,442,677,2358,69.4,2348,"Louisiana Tech",WAC,"Louisiana Tech Bulldogs","Western Athletic"
louisiana-lafayette,2012,32,6525,767,1790,0.428,595,1265,0.47,172,525,0.328,483,766,0.631,387,840,1227,370,188,150,520,644,2189,68.4,309,Louisiana-Lafayette,"Sun Belt","Louisiana Lafayette Ragin Cajuns","Sun Belt"
louisiana-monroe,2012,29,5825,637,1555,0.41,449,1039,0.432,188,516,0.364,288,441,0.653,261,640,901,331,157,66,378,512,1750,60.3,2433,Louisiana-Monroe,"Sun Belt","Louisiana Monroe Warhawks","Sun Belt"
louisville,2012,40,8100,963,2281,0.422,730,1548,0.472,233,733,0.318,568,826,0.688,519,994,1513,532,353,193,562,706,2727,68.2,97,Louisville,"Big East","Louisville Cardinals","Big East"
loyola-il,2012,30,6075,612,1452,0.421,495,1075,0.46,117,377,0.31,376,540,0.696,301,623,924,368,136,42,432,491,1717,57.2,2350,"Loyola Chicago",Horizon,"Loyola Chicago Ramblers","Horizon League"
loyola-md,2012,33,6600,755,1775,0.425,591,1291,0.458,164,484,0.339,548,762,0.719,429,725,1154,393,255,147,443,628,2222,67.3,2352,"Loyola (MD)",MAAC,"Loyola Maryland Greyhounds","Metro Atlantic Athletic"
loyola-marymount,2012,34,6900,825,1936,0.426,604,1297,0.466,221,639,0.346,531,720,0.738,395,819,1214,404,253,102,462,596,2402,70.6,2351,"Loyola Marymount",WCC,"Loyola Marymount Lions","West Coast"
maine,2012,29,5876,750,1696,0.442,581,1178,0.493,169,518,0.326,320,437,0.732,318,702,1020,408,178,125,380,539,1989,68.6,311,Maine,AEC,"Maine Black Bears","America East"
manhattan,2012,34,6850,815,1865,0.437,571,1189,0.48,244,676,0.361,546,750,0.728,420,803,1223,498,269,169,547,694,2420,71.2,2363,Manhattan,MAAC,"Manhattan Jaspers","Metro Atlantic Athletic"
marist,2012,32,6450,721,1733,0.416,518,1164,0.445,203,569,0.357,531,734,0.723,346,743,1089,385,187,140,481,520,2176,68,2368,Marist,MAAC,"Marist Red Foxes","Metro Atlantic Athletic"
marquette,2012,35,7000,919,2033,0.452,718,1437,0.5,201,596,0.337,599,831,0.721,414,854,1268,580,304,122,461,620,2638,75.4,269,Marquette,"Big East","Marquette Golden Eagles","Big East"
marshall,2012,35,7125,895,2052,0.436,692,1403,0.493,203,649,0.313,479,780,0.614,542,846,1388,444,213,132,458,708,2472,70.6,276,Marshall,CUSA,"Marshall Thundering Herd","Conference USA"
maryland,2012,32,6475,743,1747,0.425,570,1237,0.461,173,510,0.339,539,812,0.664,388,785,1173,339,137,139,425,563,2198,68.7,120,Maryland,ACC,"Maryland Terrapins","Atlantic Coast"
umbc,2012,30,6076,686,1753,0.391,534,1241,0.43,152,512,0.297,373,564,0.661,367,678,1045,309,175,54,439,630,1897,63.2,2378,UMBC,AEC,"Md Baltimore Cty Retrievers","America East"
maryland-eastern-shore,2012,30,6051,644,1695,0.38,490,1140,0.43,154,555,0.277,343,538,0.638,411,694,1105,317,178,87,522,599,1785,59.5,2379,"Maryland-Eastern Shore",MEAC,"Maryland-Eastern Shore Hawks","Mid-Eastern Athletic"
massachusetts,2012,37,7500,1016,2341,0.434,728,1516,0.48,288,825,0.349,527,783,0.673,499,961,1460,565,326,176,548,759,2847,76.9,113,Massachusetts,A-10,"Massachusetts Minutemen","Atlantic 10"
mcneese-state,2012,33,6625,804,1904,0.422,631,1365,0.462,173,539,0.321,426,631,0.675,412,779,1191,349,222,120,402,585,2207,66.9,2377,"McNeese State",Southland,"McNeese State Cowboys",Southland
memphis,2012,35,7075,933,1899,0.491,748,1388,0.539,185,511,0.362,563,785,0.717,332,867,1199,505,278,196,444,665,2614,74.7,235,Memphis,CUSA,"Memphis Tigers","Conference USA"
mercer,2012,38,7650,899,1968,0.457,635,1238,0.513,264,730,0.362,527,734,0.718,389,925,1314,519,259,181,566,722,2589,68.1,2382,Mercer,A-Sun,"Mercer Bears","Atlantic Sun"
miami-fl,2012,33,6750,814,1890,0.431,564,1176,0.48,250,714,0.35,454,630,0.721,372,775,1147,392,210,118,382,539,2332,70.7,2390,"Miami (FL)",ACC,"Miami (FL) Hurricanes","Atlantic Coast"
miami-oh,2012,30,6050,639,1472,0.434,419,853,0.491,220,619,0.355,323,463,0.698,251,634,885,351,165,72,406,504,1821,60.7,193,"Miami (OH)",MAC,"Miami (OH) Red Hawks",Mid-American
michigan-state,2012,37,7424,960,2012,0.477,760,1457,0.522,200,555,0.36,531,759,0.7,427,977,1404,566,265,157,480,650,2651,71.6,127,"Michigan State","Big Ten","Michigan State Spartans","Big Ten"
michigan,2012,34,6875,808,1777,0.455,532,989,0.538,276,788,0.35,363,503,0.722,291,756,1047,431,168,72,370,530,2255,66.3,130,Michigan,"Big Ten","Michigan Wolverines","Big Ten"
middle-tennessee,2012,34,6850,882,1782,0.495,719,1337,0.538,163,445,0.366,532,838,0.635,376,820,1196,525,238,150,473,670,2459,72.3,2393,"Middle Tennessee State","Sun Belt","Middle Tennessee State Blue Raiders","Sun Belt"
milwaukee,2012,34,6825,748,1792,0.417,484,1028,0.471,264,764,0.346,423,691,0.612,377,802,1179,426,209,87,467,582,2183,64.2,270,Milwaukee,Horizon,"Milwaukee Panthers","Horizon League"
minnesota,2012,38,7775,915,1979,0.462,712,1408,0.506,203,571,0.356,536,769,0.697,435,891,1326,573,269,186,558,703,2569,67.6,135,Minnesota,"Big Ten","Minnesota Golden Gophers","Big Ten"
mississippi,2012,34,6975,820,1896,0.432,671,1425,0.471,149,471,0.316,486,806,0.603,444,855,1299,380,225,178,485,612,2275,66.9,145,Mississippi,SEC,"Mississippi Rebels",Southeastern
mississippi-state,2012,33,6750,854,1880,0.454,621,1227,0.506,233,653,0.357,436,614,0.71,359,849,1208,441,198,116,396,457,2377,72,344,"Mississippi State",SEC,"Mississippi St. Bulldogs",Southeastern
mississippi-valley-state,2012,34,6875,812,2025,0.401,560,1248,0.449,252,777,0.324,456,708,0.644,447,810,1257,451,300,87,495,698,2332,68.6,2400,"Mississippi Valley State",SWAC,"Mississippi Valley State Delta Devils","Southwest Athletic"
missouri-state,2012,32,6525,775,1778,0.436,589,1229,0.479,186,549,0.339,372,516,0.721,294,807,1101,433,148,66,338,592,2110,65.9,2623,"Missouri State",MVC,"Missouri St. Bears","Missouri Valley"
missouri,2012,35,7025,981,1945,0.504,688,1208,0.57,293,737,0.398,559,730,0.766,319,801,1120,566,285,97,358,499,2814,80.4,142,Missouri,SEC,"Missouri Tigers",Southeastern
umkc,2012,31,6249,699,1621,0.431,443,942,0.47,256,679,0.377,344,495,0.695,257,616,873,380,190,74,413,589,1998,64.5,140,UMKC,Summit,"Umkc Kangaroos","Summit League"
monmouth,2012,32,6450,777,1855,0.419,583,1272,0.458,194,583,0.333,392,603,0.65,353,642,995,441,253,49,449,663,2140,66.9,2405,Monmouth,NEC,"Monmouth NJ Hawks",Northeast
montana,2012,32,6425,781,1689,0.462,586,1165,0.503,195,524,0.372,482,672,0.717,285,759,1044,436,229,115,401,585,2239,70,149,Montana,"Big Sky","Montana Grizzlies","Big Sky"
montana-state,2012,29,5850,709,1669,0.425,511,1104,0.463,198,565,0.35,414,598,0.692,340,650,990,378,193,108,396,569,2030,70,147,"Montana State","Big Sky","Montana St. Bobcats","Big Sky"
morehead-state,2012,33,6600,701,1621,0.432,486,1022,0.476,215,599,0.359,453,608,0.745,365,658,1023,394,282,42,493,618,2070,62.7,2413,"Morehead State",OVC,"Morehead St. Eagles","Ohio Valley"
morgan-state,2012,29,5850,676,1574,0.429,531,1102,0.482,145,472,0.307,437,646,0.676,352,662,1014,341,191,130,453,549,1934,66.7,2415,"Morgan State",MEAC,"Morgan St. Bears","Mid-Eastern Athletic"
mount-st-marys,2012,29,5875,647,1525,0.424,488,1023,0.477,159,502,0.317,295,458,0.644,332,620,952,332,178,99,481,535,1748,60.3,116,"Mount St. Mary's",NEC,"Mount St. Mary's Mountaineers",Northeast
murray-state,2012,33,6650,811,1732,0.468,572,1128,0.507,239,604,0.396,551,761,0.724,360,746,1106,418,276,139,458,592,2412,73.1,93,"Murray State",OVC,"Murray State Racers","Ohio Valley"
navy,2012,29,5878,594,1464,0.406,437,905,0.483,157,559,0.281,333,487,0.684,299,574,873,331,218,54,423,528,1678,57.9,2426,Navy,Patriot,"Navy Midshipmen","Patriot League"
nebraska,2012,30,6050,649,1521,0.427,455,922,0.493,194,599,0.324,335,437,0.767,254,646,900,381,198,78,396,496,1827,60.9,158,Nebraska,"Big Ten","Nebraska Cornhuskers","Big Ten"
nevada,2012,35,7100,842,1871,0.45,606,1229,0.493,236,642,0.368,541,832,0.65,418,879,1297,450,197,167,481,568,2461,70.3,2440,Nevada,MWC,"Nevada Wolf Pack","Mountain West"
nevada-las-vegas,2012,35,7125,942,2062,0.457,651,1263,0.515,291,799,0.364,496,734,0.676,408,910,1318,616,299,169,466,604,2671,76.3,2439,UNLV,MWC,"UNLV Runnin Rebels","Mountain West"
new-hampshire,2012,29,5801,620,1547,0.401,408,930,0.439,212,617,0.344,322,529,0.609,299,671,970,285,153,69,379,524,1774,61.2,160,"New Hampshire",AEC,"New Hampshire Wildcats","America East"
new-mexico,2012,35,7025,876,1898,0.462,612,1199,0.51,264,699,0.378,529,748,0.707,395,925,1320,573,240,117,467,609,2545,72.7,167,"New Mexico",MWC,"New Mexico Lobos","Mountain West"
new-mexico-state,2012,36,7225,970,2045,0.474,805,1540,0.523,165,505,0.327,707,1058,0.668,518,915,1433,498,244,154,533,630,2812,78.1,166,"New Mexico State",WAC,"New Mexico St. Aggies","Western Athletic"
niagara,2012,33,6650,785,1940,0.405,536,1177,0.455,249,763,0.326,503,718,0.701,423,659,1082,393,274,90,421,721,2322,70.4,315,Niagara,MAAC,"Niagara Purple Eagles","Metro Atlantic Athletic"
nicholls-state,2012,30,6025,694,1616,0.429,496,991,0.501,198,625,0.317,403,599,0.673,278,628,906,365,161,55,453,587,1989,66.3,2447,"Nicholls State",Southland,"Nicholls State Colonels",Southland
njit,2012,32,6500,787,1861,0.423,529,1129,0.469,258,732,0.352,404,575,0.703,339,782,1121,413,232,97,403,646,2236,69.9,2885,NJIT,GWC,"New Jersey Tech Highlanders","Great West"
norfolk-state,2012,36,7275,870,1977,0.44,672,1342,0.501,198,635,0.312,544,829,0.656,419,886,1305,431,240,169,539,702,2482,68.9,2450,"Norfolk State",MEAC,"Norfolk State Spartans","Mid-Eastern Athletic"
north-carolina-at,2012,32,6476,778,1852,0.42,554,1185,0.468,224,667,0.336,456,698,0.653,374,797,1171,409,235,108,501,617,2236,69.9,2448,"North Carolina A&T",MEAC,"North Carolina A&T Aggies","Mid-Eastern Athletic"
north-carolina-central,2012,32,6400,772,1644,0.47,580,1105,0.525,192,539,0.356,527,746,0.706,309,726,1035,450,263,123,487,590,2263,70.7,2428,"North Carolina Central",MEAC,"North Carolina Central Eagles","Mid-Eastern Athletic"
north-carolina-state,2012,37,7425,977,2134,0.458,779,1577,0.494,198,557,0.355,545,774,0.704,457,933,1390,577,249,150,470,623,2697,72.9,152,"North Carolina State",ACC,"North Carolina State Wolfpack","Atlantic Coast"
north-carolina,2012,38,7626,1134,2473,0.459,940,1893,0.497,194,580,0.334,629,922,0.682,589,1122,1711,659,259,219,454,551,3091,81.3,153,"North Carolina",ACC,"North Carolina Tar Heels","Atlantic Coast"
north-carolina-asheville,2012,34,6824,920,1907,0.482,697,1278,0.545,223,629,0.355,682,893,0.764,377,801,1178,566,283,88,456,612,2745,80.7,2427,"UNC Asheville","Big South","UNC Asheville Bulldogs","Big South"
north-carolina-greensboro,2012,32,6450,791,1961,0.403,569,1305,0.436,222,656,0.338,427,623,0.685,442,703,1145,371,240,85,486,675,2231,69.7,2430,"UNC Greensboro",Southern,"UNC Greensboro Spartans",Southern
north-carolina-wilmington,2012,31,6200,723,1740,0.416,550,1210,0.455,173,530,0.326,394,580,0.679,377,761,1138,370,173,122,428,552,2013,64.9,350,"North Carolina-Wilmington",CAA,"North Carolina-Wilmington Seahawks","Colonial Athletic Association"
north-dakota-state,2012,31,6250,805,1649,0.488,606,1118,0.542,199,531,0.375,458,635,0.721,256,761,1017,421,192,108,384,603,2267,73.1,2449,"North Dakota State",Summit,"North Dakota State Bison","Summit League"
north-dakota,2012,32,6425,762,1722,0.443,561,1113,0.504,201,609,0.33,428,679,0.63,317,793,1110,401,207,139,465,562,2153,67.3,155,"North Dakota","Big Sky","North Dakota","Big Sky"
north-florida,2012,32,6500,787,1720,0.458,586,1159,0.506,201,561,0.358,393,645,0.609,358,738,1096,392,186,104,493,590,2168,67.8,2454,"North Florida",A-Sun,"North Florida Osprey","Atlantic Sun"
north-texas,2012,32,6525,818,1885,0.434,659,1390,0.474,159,495,0.321,455,639,0.712,401,848,1249,385,200,130,464,561,2250,70.3,249,"North Texas","Sun Belt","North Texas Mean Green Eagles","Sun Belt"
northeastern,2012,31,6250,676,1579,0.428,507,1094,0.463,169,485,0.348,420,598,0.702,343,655,998,369,246,119,484,578,1941,62.6,111,Northeastern,CAA,"Northeastern Huskies","Colonial Athletic Association"
northern-arizona,2012,29,5825,661,1620,0.408,504,1139,0.442,157,481,0.326,325,469,0.693,338,606,944,407,190,62,430,467,1804,62.2,2464,"Northern Arizona","Big Sky","Northern Arizona Lumberjacks","Big Sky"
northern-colorado,2012,28,5703,699,1454,0.481,500,1006,0.497,199,448,0.444,429,614,0.699,292,667,959,349,155,66,456,556,2026,72.4,2458,"Northern Colorado","Big Sky","Northern Colorado Bears","Big Sky"
northern-illinois,2012,31,6200,594,1602,0.371,409,1018,0.402,185,584,0.317,343,511,0.671,387,686,1073,304,156,73,497,623,1716,55.4,2459,"Northern Illinois",MAC,"Northern Illinois Huskies",Mid-American
northern-iowa,2012,34,6800,754,1752,0.43,487,1061,0.459,267,691,0.386,441,605,0.729,270,808,1078,384,203,63,368,534,2216,65.2,2460,"Northern Iowa",MVC,"Northern Iowa Panthers","Missouri Valley"
northwestern-state,2012,32,6475,789,1852,0.426,596,1227,0.486,193,625,0.309,488,799,0.611,405,760,1165,411,280,204,471,633,2259,70.6,2466,"Northwestern State",Southland,"Northwestern St. Demons",Southland
northwestern,2012,33,6675,790,1754,0.45,493,983,0.502,297,771,0.385,409,592,0.691,279,685,964,512,219,123,335,526,2286,69.3,77,Northwestern,"Big Ten","Northwestern Wildcats","Big Ten"
notre-dame,2012,34,6900,781,1800,0.434,560,1135,0.493,221,665,0.332,474,673,0.704,345,799,1144,497,177,114,342,470,2257,66.4,87,"Notre Dame","Big East","Notre Dame Fighting Irish","Big East"
oakland,2012,36,7276,947,2104,0.45,612,1209,0.506,335,895,0.374,646,877,0.737,397,819,1216,476,232,75,430,656,2875,79.9,2473,Oakland,Summit,"Oakland Golden Grizzlies","Summit League"
ohio,2012,37,7450,901,2107,0.428,623,1298,0.48,278,809,0.344,517,749,0.69,451,810,1261,488,347,103,482,723,2597,70.2,195,Ohio,MAC,"Ohio Bobcats",Mid-American
ohio-state,2012,39,7800,1057,2219,0.476,858,1623,0.529,199,596,0.334,600,846,0.709,465,975,1440,568,281,125,459,630,2913,74.7,194,"Ohio State","Big Ten","Ohio St. Buckeyes","Big Ten"
oklahoma,2012,31,6225,794,1827,0.435,653,1426,0.458,141,401,0.352,413,568,0.727,403,740,1143,431,194,96,396,538,2142,69.1,201,Oklahoma,"Big 12","Oklahoma Sooners","Big 12"
oklahoma-state,2012,33,6675,746,1756,0.425,535,1123,0.476,211,633,0.333,506,685,0.739,265,782,1047,376,214,140,395,629,2209,66.9,197,"Oklahoma State","Big 12","Oklahoma St. Cowboys","Big 12"
old-dominion,2012,36,7349,844,2082,0.405,637,1435,0.444,207,647,0.32,473,766,0.617,562,884,1446,456,316,165,495,661,2368,65.8,295,"Old Dominion",CAA,"Old Dominion Monarchs","Colonial Athletic Association"
oral-roberts,2012,34,6875,864,1786,0.484,682,1279,0.533,182,507,0.359,557,747,0.746,363,724,1087,459,222,90,436,572,2467,72.6,198,"Oral Roberts",Southland,"Oral Roberts Golden Eagles",Southland
oregon,2012,34,6800,883,1884,0.469,637,1226,0.52,246,658,0.374,515,726,0.709,360,801,1161,485,204,121,438,583,2527,74.3,2483,Oregon,Pac-12,"Oregon Ducks",Pacific-12
oregon-state,2012,36,7350,995,2093,0.475,774,1477,0.524,221,616,0.359,630,931,0.677,421,833,1254,567,328,166,507,672,2841,78.9,204,"Oregon State",Pac-12,"Oregon St. Beavers",Pacific-12
pacific,2012,30,6050,644,1591,0.405,444,967,0.459,200,624,0.321,400,581,0.688,313,646,959,376,155,54,361,518,1888,62.9,279,Pacific,"Big West","Pacific Tigers","Big West"
penn-state,2012,32,6400,695,1770,0.393,494,1123,0.44,201,647,0.311,386,563,0.686,397,687,1084,344,218,77,390,636,1977,61.8,213,"Penn State","Big Ten","Penn St. Nittany Lions","Big Ten"
pennsylvania,2012,33,6675,767,1731,0.443,529,1094,0.484,238,637,0.374,374,513,0.729,281,712,993,447,241,83,414,647,2146,65,219,Pennsylvania,Ivy,"Pennsylvania Quakers","Ivy Group"
pepperdine,2012,29,5820,603,1523,0.396,459,1069,0.429,144,454,0.317,369,560,0.659,350,705,1055,358,135,85,394,525,1719,59.3,2492,Pepperdine,WCC,"Pepperdine Waves","West Coast"
pittsburgh,2012,39,7825,981,2164,0.453,734,1457,0.504,247,707,0.349,483,691,0.699,532,875,1407,593,183,103,495,671,2692,69,221,Pittsburgh,"Big East","Pittsburgh Panthers","Big East"
portland,2012,31,6226,723,1691,0.428,561,1184,0.474,162,507,0.32,410,571,0.718,328,706,1034,368,145,86,483,645,2018,65.1,2501,Portland,WCC,"Portland Pilots","West Coast"
portland-state,2012,32,6424,846,1751,0.483,661,1220,0.542,185,531,0.348,561,761,0.737,334,778,1112,370,170,90,431,539,2438,76.2,2502,"Portland State","Big Sky","Portland St. Vikings","Big Sky"
prairie-view,2012,32,6400,755,1922,0.393,589,1390,0.424,166,532,0.312,340,629,0.541,452,812,1264,346,251,103,514,621,2016,63,2504,"Prairie View",SWAC,"Prairie View Am Panthers","Southwest Athletic"
presbyterian,2012,29,5825,661,1425,0.464,490,932,0.526,171,493,0.347,396,563,0.703,254,603,857,323,131,52,374,457,1889,65.1,2506,Presbyterian,"Big South","Presbyterian Blue Hose","Big South"
princeton,2012,32,6499,776,1681,0.462,540,1053,0.513,236,628,0.376,353,520,0.679,266,782,1048,465,203,124,394,524,2141,66.9,163,Princeton,Ivy,"Princeton Tigers","Ivy Group"
providence,2012,32,6425,772,1806,0.427,614,1359,0.452,158,447,0.353,501,712,0.704,410,771,1181,435,170,166,391,542,2203,68.8,2507,Providence,"Big East","Providence Friars","Big East"
purdue,2012,35,7000,889,2019,0.44,605,1266,0.478,284,753,0.377,452,689,0.656,391,767,1158,470,226,110,306,620,2514,71.8,2509,Purdue,"Big Ten","Purdue Boilermakers","Big Ten"
quinnipiac,2012,32,6451,828,1943,0.426,687,1520,0.452,141,423,0.333,474,743,0.638,534,850,1384,397,170,106,404,655,2271,71,2514,Quinnipiac,NEC,"Quinnipiac Bobcats",Northeast
radford,2012,32,6400,699,1819,0.384,497,1160,0.428,202,659,0.307,359,564,0.637,395,662,1057,344,234,80,445,669,1959,61.2,2515,Radford,"Big South","Radford Highlanders","Big South"
rhode-island,2012,31,6349,757,1888,0.401,592,1295,0.457,165,593,0.278,447,648,0.69,487,703,1190,348,200,121,451,559,2126,68.6,227,"Rhode Island",A-10,"Rhode Island Rams","Atlantic 10"
rice,2012,35,7025,859,1921,0.447,664,1348,0.493,195,573,0.34,525,768,0.684,335,922,1257,513,257,159,476,617,2438,69.7,242,Rice,CUSA,"Rice Owls","Conference USA"
richmond,2012,32,6425,724,1693,0.428,474,994,0.477,250,699,0.358,509,667,0.763,294,675,969,397,194,161,367,561,2207,69,257,Richmond,A-10,"Richmond Spiders","Atlantic 10"
rider,2012,32,6475,771,1712,0.45,525,1059,0.496,246,653,0.377,503,699,0.72,296,776,1072,443,191,127,483,558,2291,71.6,2520,Rider,MAAC,"Rider Broncs","Metro Atlantic Athletic"
robert-morris,2012,37,7425,844,2020,0.418,604,1338,0.451,240,682,0.352,604,862,0.701,524,798,1322,493,308,90,510,766,2532,68.4,2523,"Robert Morris",NEC,"Robert Morris Colonials",Northeast
rutgers,2012,32,6475,764,1802,0.424,595,1298,0.458,169,504,0.335,398,571,0.697,409,694,1103,407,261,122,475,673,2095,65.5,164,Rutgers,"Big East","Rutgers Scarlet Knights","Big East"
sacramento-state,2012,28,5602,663,1470,0.451,511,1022,0.5,152,448,0.339,397,568,0.699,279,653,932,386,130,64,383,535,1875,67,16,"Sacramento State","Big Sky","Sacramento State Hornets","Big Sky"
sacred-heart,2012,32,6500,807,1756,0.46,600,1195,0.502,207,561,0.369,456,612,0.745,322,763,1085,446,211,102,491,588,2277,71.2,2529,"Sacred Heart",NEC,"Sacred Heart Pioneers",Northeast
saint-francis-pa,2012,29,5800,652,1422,0.459,517,1021,0.506,135,401,0.337,324,496,0.653,245,571,816,363,188,80,457,503,1763,60.8,2598,"St. Francis (PA)",NEC,"St. Francis (PA) Red Flash",Northeast
saint-josephs,2012,34,6925,876,1862,0.47,650,1240,0.524,226,622,0.363,468,676,0.692,324,910,1234,493,163,244,430,517,2446,71.9,2603,"Saint Joseph's",A-10,"St. Josephs Hawks","Atlantic 10"
saint-louis,2012,34,6825,814,1813,0.449,576,1150,0.501,238,663,0.359,470,653,0.72,347,766,1113,459,236,99,382,569,2336,68.7,139,"Saint Louis",A-10,"Saint Louis Billikens","Atlantic 10"
saint-marys-ca,2012,33,6625,857,1811,0.473,612,1098,0.557,245,713,0.344,508,697,0.729,377,834,1211,520,227,102,383,527,2467,74.8,2608,"Saint Mary's (CA)",WCC,"St. Marys Gaels","West Coast"
saint-peters,2012,31,6200,668,1646,0.406,514,1157,0.444,154,489,0.315,309,477,0.648,321,618,939,390,236,110,484,598,1799,58,2612,"St. Peter's",MAAC,"St. Peter's Peacocks","Metro Atlantic Athletic"
sam-houston-state,2012,32,6425,657,1580,0.416,508,1079,0.471,149,501,0.297,412,689,0.598,336,774,1110,408,185,74,493,591,1875,58.6,2534,"Sam Houston State",Southland,"Sam Houston St. Bearkats",Southland
samford,2012,30,6050,712,1604,0.444,465,865,0.538,247,739,0.334,313,478,0.655,287,675,962,419,161,65,386,520,1984,66.1,2535,Samford,Southern,"Samford Bulldogs",Southern
san-diego-state,2012,34,6900,863,1903,0.453,666,1325,0.503,197,578,0.341,493,703,0.701,360,893,1253,417,189,79,426,543,2416,71.1,21,"San Diego State",MWC,"San Diego St. Aztecs","Mountain West"
san-diego,2012,31,6225,744,1648,0.451,545,1100,0.495,199,548,0.363,392,598,0.656,271,687,958,421,207,102,424,565,2079,67.1,301,"San Diego",WCC,"San Diego Toreros","West Coast"
san-francisco,2012,34,6847,906,1942,0.467,667,1261,0.529,239,681,0.351,512,745,0.687,354,774,1128,470,285,63,442,609,2563,75.4,2539,"San Francisco",WCC,"San Francisco Dons","West Coast"
san-jose-state,2012,31,6350,715,1810,0.395,483,1109,0.436,232,701,0.331,437,586,0.746,342,702,1044,416,151,38,341,548,2099,67.7,23,"San Jose State",WAC,"San Jose St. Spartans","Western Athletic"
santa-clara,2012,30,6050,717,1751,0.409,478,1094,0.437,239,657,0.364,412,582,0.708,344,651,995,384,151,98,348,625,2085,69.5,2541,"Santa Clara",WCC,"Santa Clara Broncos","West Coast"
savannah-state,2012,33,6625,746,1791,0.417,554,1205,0.46,192,586,0.328,405,688,0.589,460,730,1190,422,230,112,487,621,2089,63.3,2542,"Savannah State",MEAC,"Savannah State Tigers","Mid-Eastern Athletic"
seattle,2012,27,5425,779,1792,0.435,588,1214,0.484,191,578,0.33,316,454,0.696,371,749,1120,373,226,87,414,568,2065,76.5,2547,Seattle,WAC,"Seattle Redhawks","Western Athletic"
seton-hall,2012,34,6875,833,1913,0.435,597,1245,0.48,236,668,0.353,422,626,0.674,381,813,1194,476,284,107,431,604,2324,68.4,2550,"Seton Hall","Big East","Seton Hall Pirates","Big East"
siena,2012,31,6225,718,1692,0.424,572,1216,0.47,146,476,0.307,393,577,0.681,353,766,1119,391,180,106,437,432,1975,63.7,2561,Siena,MAAC,"Siena Saints","Metro Atlantic Athletic"
south-alabama,2012,29,5875,682,1606,0.425,546,1206,0.453,136,400,0.34,435,621,0.7,440,712,1152,323,143,139,468,501,1935,66.7,6,"South Alabama","Sun Belt","South Alabama Jaguars","Sun Belt"
south-carolina,2012,31,6225,689,1713,0.402,485,1088,0.446,204,625,0.326,321,458,0.701,383,587,970,309,212,151,394,561,1903,61.4,2579,"South Carolina",SEC,"South Carolina Gamecocks",Southeastern
south-carolina-state,2012,31,6250,721,1827,0.395,579,1329,0.436,142,498,0.285,417,641,0.651,447,721,1168,327,192,131,489,563,2001,64.5,2569,"South Carolina State",MEAC,"South Carolina State Bulldogs","Mid-Eastern Athletic"
south-carolina-upstate,2012,34,6825,888,2024,0.439,681,1409,0.483,207,615,0.337,443,695,0.637,505,750,1255,440,286,144,512,663,2426,71.4,2908,"USC Upstate",A-Sun,"South Carolina Upstate Spartans","Atlantic Sun"
south-dakota,2012,28,5650,710,1576,0.451,519,1042,0.498,191,534,0.358,371,530,0.7,242,692,934,399,184,101,365,438,1982,70.8,233,"South Dakota",Summit,"South Dakota Coyotes","Summit League"
south-dakota-state,2012,35,7075,918,1963,0.468,634,1235,0.513,284,728,0.39,569,783,0.727,363,832,1195,500,236,65,370,567,2689,76.8,2571,"South Dakota State",Summit,"South Dakota State Jackrabbits","Summit League"
south-florida,2012,36,7250,772,1765,0.437,603,1231,0.49,169,534,0.316,421,597,0.705,374,859,1233,423,200,137,485,552,2134,59.3,58,"South Florida","Big East","South Florida Bulls","Big East"
southeast-missouri-state,2012,31,6225,819,1724,0.475,638,1234,0.517,181,490,0.369,373,592,0.63,353,737,1090,462,156,108,405,582,2192,70.7,2546,"Southeast Missouri State",OVC,"Se Missouri St. Redhawks","Ohio Valley"
southeastern-louisiana,2012,29,5900,629,1530,0.411,501,1105,0.453,128,425,0.301,352,596,0.591,330,715,1045,321,180,102,446,511,1738,59.9,2545,"Southeastern Louisiana",Southland,"Southeastern Louisiana Lions",Southland
usc,2012,32,6450,642,1658,0.387,515,1189,0.433,127,469,0.271,272,445,0.611,256,610,866,305,184,65,342,476,1683,52.6,30,USC,Pac-12,"Southern California Trojans",Pacific-12
southern-illinois,2012,31,6250,709,1711,0.414,574,1233,0.466,135,478,0.282,391,611,0.64,371,643,1014,363,230,103,437,662,1944,62.7,79,"Southern Illinois",MVC,"Southern Illinois Salukis","Missouri Valley"
southern-illinois-edwardsville,2012,27,5401,626,1419,0.441,444,960,0.463,182,459,0.397,341,521,0.655,250,619,869,330,152,61,415,499,1775,65.7,2565,"SIU Edwardsville",OVC,"Siu Edwardsville Cougars","Ohio Valley"
southern,2012,31,6275,659,1607,0.41,514,1145,0.449,145,462,0.314,416,607,0.685,256,772,1028,342,183,111,434,601,1879,60.6,2582,Southern,SWAC,"Southern Jaguars","Southwest Athletic"
southern-methodist,2012,32,6500,645,1539,0.419,397,811,0.49,248,728,0.341,371,551,0.673,249,660,909,382,221,72,403,543,1909,59.7,2567,"Southern Methodist",CUSA,"Southern Methodist Mustangs","Conference USA"
southern-mississippi,2012,34,6975,819,1975,0.415,604,1374,0.44,215,601,0.358,573,779,0.736,471,775,1246,374,205,98,377,651,2426,71.4,2572,"Southern Mississippi",CUSA,"Southern Miss Golden Eagles","Conference USA"
southern-utah,2012,31,6275,755,1594,0.474,673,1318,0.511,82,276,0.297,446,617,0.723,302,691,993,443,169,71,432,633,2038,65.7,253,"Southern Utah","Big Sky","Southern Utah Thunderbirds","Big Sky"
st-bonaventure,2012,32,6476,770,1687,0.456,596,1183,0.504,174,504,0.345,540,710,0.761,367,776,1143,444,186,133,453,592,2254,70.4,179,"St. Bonaventure",A-10,"St. Bonaventure Bonnies","Atlantic 10"
st-francis-ny,2012,30,6025,727,1685,0.431,488,1013,0.482,239,672,0.356,391,590,0.663,344,741,1085,392,205,73,486,643,2084,69.5,2597,"St. Francis (NY)",NEC,"St. Francis (NY) Terriers",Northeast
st-johns-ny,2012,32,6425,757,1803,0.42,627,1342,0.467,130,461,0.282,485,713,0.68,400,697,1097,345,255,119,423,533,2129,66.5,2599,"St. John's","Big East","St. John's Red Storm","Big East"
stanford,2012,37,7525,938,2107,0.445,686,1442,0.476,252,665,0.379,529,794,0.666,452,923,1375,475,246,126,511,716,2657,71.8,24,Stanford,Pac-12,"Stanford Cardinal",Pacific-12
stephen-f-austin,2012,32,6450,724,1620,0.447,613,1233,0.497,111,387,0.287,411,650,0.632,376,752,1128,442,229,87,437,535,1970,61.6,2617,"Stephen F. Austin",Southland,"Stephen F. Austin Lumberjacks",Southland
stetson,2012,29,5875,732,1660,0.441,503,993,0.507,229,667,0.343,396,570,0.695,341,717,1058,434,188,83,514,560,2089,72,56,Stetson,A-Sun,"Stetson Hatters","Atlantic Sun"
stony-brook,2012,32,6425,768,1800,0.427,569,1196,0.476,199,604,0.329,390,563,0.693,448,755,1203,353,177,53,395,483,2125,66.4,2619,"Stony Brook",AEC,"Stony Brook Seawolves","America East"
syracuse,2012,37,7425,1006,2156,0.467,773,1488,0.519,233,668,0.349,495,709,0.698,459,824,1283,564,338,255,388,574,2742,74.1,183,Syracuse,"Big East","Syracuse Orange","Big East"
temple,2012,32,6525,861,1836,0.469,633,1262,0.502,228,574,0.397,451,627,0.719,333,781,1114,493,230,134,401,567,2401,75,218,Temple,A-10,"Temple Owls","Atlantic 10"
tennessee-state,2012,33,6724,774,1772,0.437,571,1186,0.481,203,586,0.346,499,724,0.689,381,748,1129,415,248,113,495,609,2250,68.2,2634,"Tennessee State",OVC,"Tennessee State Tigers","Ohio Valley"
tennessee-tech,2012,33,6650,823,1772,0.464,644,1261,0.511,179,511,0.35,540,758,0.712,360,748,1108,450,226,78,499,629,2365,71.7,2635,"Tennessee Tech",OVC,"Tennessee Tech Golden Eagles","Ohio Valley"
tennessee,2012,34,6925,809,1848,0.438,580,1199,0.484,229,649,0.353,491,699,0.702,382,862,1244,436,193,149,466,628,2338,68.8,2633,Tennessee,SEC,"Tennessee Volunteers",Southeastern
tennessee-martin,2012,31,6275,701,1698,0.413,576,1261,0.457,125,437,0.286,416,592,0.703,371,615,986,403,187,73,478,602,1943,62.7,2630,Tennessee-Martin,OVC,"Tennessee-Martin Skyhawks","Ohio Valley"
texas-am,2012,32,6425,732,1695,0.432,570,1204,0.473,162,491,0.33,330,502,0.657,332,755,1087,375,182,71,430,574,1956,61.1,245,"Texas A&M",SEC,"Texas A&M Aggies",Southeastern
texas-am-corpus-christi,2012,30,6051,627,1584,0.396,486,1123,0.433,141,461,0.306,360,600,0.6,325,690,1015,347,171,111,456,592,1755,58.5,357,"Texas A&M-CC",Southland,"Texas A&M-CC Islanders",Southland
texas-christian,2012,33,6725,819,1884,0.435,580,1216,0.477,239,668,0.358,505,731,0.691,357,729,1086,445,228,80,455,628,2382,72.2,2628,TCU,"Big 12","TCU Horned Frogs","Big 12"
texas,2012,34,6851,836,1927,0.434,639,1326,0.482,197,601,0.328,601,820,0.733,453,775,1228,419,231,125,426,659,2470,72.6,251,Texas,"Big 12","Texas Longhorns","Big 12"
texas-southern,2012,33,6650,684,1656,0.413,501,1101,0.455,183,555,0.33,470,746,0.63,372,787,1159,331,278,139,560,592,2021,61.2,2640,"Texas Southern",SWAC,"Texas Southern Tigers","Southwest Athletic"
texas-state,2012,30,6000,796,1842,0.432,551,1163,0.474,245,679,0.361,455,639,0.712,360,724,1084,419,247,95,443,629,2292,76.4,326,"Texas State",WAC,"Texas State Bobcats","Western Athletic"
texas-tech,2012,31,6225,644,1470,0.438,502,1072,0.468,142,398,0.357,414,590,0.702,242,697,939,345,161,92,530,658,1844,59.5,2641,"Texas Tech","Big 12","Texas Tech Red Raiders","Big 12"
texas-arlington,2012,33,6625,842,1884,0.447,613,1237,0.496,229,647,0.354,624,888,0.703,439,859,1298,442,260,123,531,632,2537,76.9,250,Texas-Arlington,WAC,"Texas Arlington Mavericks","Western Athletic"
utep,2012,32,6550,727,1588,0.458,583,1165,0.5,144,423,0.34,423,619,0.683,269,746,1015,447,151,89,431,540,2021,63.2,2638,UTEP,CUSA,"Texas El Paso Miners","Conference USA"
texas-pan-american,2012,32,6400,677,1631,0.415,447,1000,0.447,230,631,0.365,409,580,0.705,268,706,974,423,163,63,492,568,1993,62.3,292,"Texas-Pan American",GWC,"Texas-Pan American Broncs","Great West"
utsa,2012,32,6520,793,1775,0.447,521,1085,0.48,272,690,0.394,481,647,0.743,299,759,1058,433,263,97,443,557,2339,73.1,2636,UTSA,WAC,"Texas San Antonio Roadrunners","Western Athletic"
toledo,2012,36,7200,871,1916,0.455,654,1328,0.492,217,588,0.369,543,748,0.726,382,821,1203,469,251,79,490,605,2500,69.4,2649,Toledo,MAC,"Toledo Rockets",Mid-American
towson,2012,32,6400,580,1581,0.367,472,1181,0.4,108,400,0.27,379,647,0.586,439,708,1147,261,177,135,580,587,1647,51.5,119,Towson,CAA,"Towson Tigers","Colonial Athletic Association"
troy,2012,28,5651,721,1758,0.41,471,1034,0.456,250,724,0.345,304,450,0.676,392,603,995,360,188,103,347,478,1996,71.3,2653,Troy,"Sun Belt","Troy Trojans","Sun Belt"
tulane,2012,31,6250,693,1641,0.422,509,1095,0.465,184,546,0.337,432,653,0.662,336,715,1051,381,219,104,394,515,2002,64.6,2655,Tulane,CUSA,"Tulane Green Wave","Conference USA"
tulsa,2012,31,6375,710,1577,0.45,532,1114,0.478,178,463,0.384,495,727,0.681,339,787,1126,345,149,152,458,575,2093,67.5,202,Tulsa,CUSA,"Tulsa Golden Hurricane","Conference USA"
ucla,2012,33,6600,848,1838,0.461,679,1385,0.49,169,453,0.373,398,596,0.668,363,777,1140,473,260,153,395,560,2263,68.6,26,UCLA,Pac-12,"UCLA Bruins",Pacific-12
utah-state,2012,37,7425,896,1887,0.475,688,1321,0.521,208,566,0.367,551,766,0.719,337,897,1234,497,146,119,449,665,2551,68.9,328,"Utah State",WAC,"Utah State Aggies","Western Athletic"
utah,2012,31,6225,606,1496,0.405,443,964,0.46,163,532,0.306,345,518,0.666,226,670,896,320,159,78,435,514,1720,55.5,254,Utah,Pac-12,"Utah Utes",Pacific-12
utah-valley,2012,33,6675,819,1931,0.424,630,1332,0.473,189,599,0.316,478,685,0.698,422,872,1294,443,214,121,418,524,2305,69.8,3084,"Utah Valley",GWC,"Utah Valley Wolverines","Great West"
valparaiso,2012,34,6850,786,1682,0.467,557,1009,0.552,229,673,0.34,522,730,0.715,287,836,1123,466,204,98,481,585,2323,68.3,2674,Valparaiso,Horizon,"Valparaiso Crusaders","Horizon League"
vanderbilt,2012,36,7276,885,1921,0.461,578,1129,0.512,307,792,0.388,538,770,0.699,373,871,1244,458,214,144,476,580,2615,72.6,238,Vanderbilt,SEC,"Vanderbilt Commodores",Southeastern
vermont,2012,36,7274,848,1914,0.443,657,1353,0.486,191,561,0.34,528,714,0.739,401,877,1278,475,221,86,445,627,2415,67.1,261,Vermont,AEC,"Vermont Catamounts","America East"
villanova,2012,32,6500,762,1848,0.412,566,1226,0.462,196,622,0.315,546,724,0.754,441,811,1252,394,178,101,447,613,2266,70.8,222,Villanova,"Big East","Villanova Wildcats","Big East"
virginia,2012,32,6425,721,1576,0.457,566,1107,0.511,155,469,0.33,403,558,0.722,253,777,1030,394,207,88,367,506,2000,62.5,258,Virginia,ACC,"Virginia Cavaliers","Atlantic Coast"
virginia-commonwealth,2012,36,7250,837,2040,0.41,570,1240,0.46,267,800,0.334,507,740,0.685,439,766,1205,433,379,131,409,646,2448,68,2670,"Virginia Commonwealth",A-10,"Virginia Commonwealth Rams","Atlantic 10"
virginia-military-institute,2012,33,6625,892,2006,0.445,609,1118,0.545,283,888,0.319,564,784,0.719,338,741,1079,438,273,124,438,618,2631,79.7,2678,"Virginia Military","Big South","Virginia Military Keydets","Big South"
virginia-tech,2012,33,6650,754,1797,0.42,549,1235,0.445,205,562,0.365,434,599,0.725,368,742,1110,386,183,107,391,581,2147,65.1,259,"Virginia Tech",ACC,"Virginia Tech Hokies","Atlantic Coast"
wagner,2012,31,6200,779,1767,0.441,575,1201,0.479,204,566,0.36,513,690,0.743,384,687,1071,400,244,126,412,681,2275,73.4,2681,Wagner,NEC,"Wagner Seahawks",Northeast
wake-forest,2012,31,6200,689,1613,0.427,523,1114,0.469,166,499,0.333,485,659,0.736,262,732,994,362,162,142,394,518,2029,65.5,154,"Wake Forest",ACC,"Wake Forest Demon Deacons","Atlantic Coast"
washington,2012,35,7050,966,2157,0.448,749,1524,0.491,217,633,0.343,497,798,0.623,510,894,1404,475,233,139,460,693,2646,75.6,264,Washington,Pac-12,"Washington Huskies",Pacific-12
washington-state,2012,37,7424,860,1836,0.468,632,1213,0.521,228,623,0.366,573,808,0.709,339,875,1214,505,178,103,485,643,2521,68.1,265,"Washington State",Pac-12,"Washington St. Cougars",Pacific-12
weber-state,2012,32,6475,825,1797,0.459,540,1069,0.505,285,728,0.391,538,661,0.814,277,812,1089,424,178,78,340,578,2473,77.3,2692,"Weber State","Big Sky","Weber St. Wildcats","Big Sky"
west-virginia,2012,33,6775,838,1914,0.438,664,1331,0.499,174,583,0.298,496,739,0.671,493,767,1260,477,210,85,422,555,2346,71.1,277,"West Virginia","Big 12","West Virginia Mountaineers","Big 12"
western-carolina,2012,35,7100,885,2090,0.423,622,1342,0.463,263,748,0.352,470,681,0.69,460,779,1239,380,284,107,459,667,2503,71.5,2717,"Western Carolina",Southern,"Western Carolina Catamounts",Southern
western-illinois,2012,33,6725,744,1626,0.458,570,1185,0.481,174,441,0.395,369,538,0.686,245,715,960,422,200,90,375,496,2031,61.5,2710,"Western Illinois",Summit,"Western Illinois Leathernecks","Summit League"
western-kentucky,2012,35,7050,769,1952,0.394,574,1314,0.437,195,638,0.306,539,785,0.687,449,827,1276,385,195,146,534,691,2272,64.9,98,"Western Kentucky","Sun Belt","Western Kentucky Hilltoppers","Sun Belt"
western-michigan,2012,34,6875,801,1841,0.435,596,1235,0.483,205,606,0.338,525,741,0.709,423,853,1276,449,159,104,495,644,2332,68.6,2711,"Western Michigan",MAC,"Western Michigan Broncos",Mid-American
wichita-state,2012,33,6700,912,1892,0.482,682,1272,0.536,230,620,0.371,491,656,0.748,356,893,1249,485,209,130,403,553,2545,77.1,2724,"Wichita State",MVC,"Wichita St. Shockers","Missouri Valley"
william-mary,2012,32,6425,662,1632,0.406,444,953,0.466,218,679,0.321,389,547,0.711,262,728,990,343,154,67,411,545,1931,60.3,2729,"William & Mary",CAA,"William & Mary Tribe","Colonial Athletic Association"
winthrop,2012,32,6476,754,1793,0.421,597,1287,0.464,157,506,0.31,370,564,0.656,373,707,1080,349,217,104,393,594,2035,63.6,2737,Winthrop,"Big South","Winthrop Eagles","Big South"
wisconsin,2012,36,7251,797,1875,0.425,512,1100,0.465,285,775,0.368,425,575,0.739,349,858,1207,428,181,126,320,512,2304,64,275,Wisconsin,"Big Ten","Wisconsin Badgers","Big Ten"
wofford,2012,33,6650,777,1792,0.434,559,1127,0.496,218,665,0.328,338,508,0.665,344,769,1113,463,173,78,382,536,2110,63.9,2747,Wofford,Southern,"Wofford Terriers",Southern
wright-state,2012,32,6450,625,1569,0.398,436,1019,0.428,189,550,0.344,418,594,0.704,260,641,901,319,210,50,436,635,1857,58,2750,"Wright State",Horizon,"Wright St. Raiders","Horizon League"
wyoming,2012,33,6625,710,1585,0.448,513,983,0.522,197,602,0.327,451,610,0.739,227,739,966,373,227,104,388,557,2068,62.7,2751,Wyoming,MWC,"Wyoming Cowboys","Mountain West"
xavier,2012,36,7274,899,1986,0.453,723,1485,0.487,176,501,0.351,569,819,0.695,391,913,1304,471,216,135,454,665,2543,70.6,2752,Xavier,A-10,"Xavier Musketeers","Atlantic 10"
yale,2012,29,5825,678,1571,0.432,502,1062,0.473,176,509,0.346,459,646,0.711,339,742,1081,383,151,115,410,522,1991,68.7,43,Yale,Ivy,"Yale Bulldogs","Ivy Group"
youngstown-state,2012,31,6248,746,1729,0.431,476,1021,0.466,270,708,0.381,333,514,0.648,296,701,997,405,201,164,347,504,2095,67.6,2754,"Youngstown State",Horizon,"Youngstown St. Penguins","Horizon League"
